EMPLEADO_ID,RESENIA
15,Machupo hemorrhagic fever
39,"Other lesions of median nerve, bilateral upper limbs"
29,"Fracture of right shoulder girdle, part unspecified"
19,"Maternal care for transverse and oblique lie, other fetus"
28,"Corrosion of second degree of left lower leg, sequela"
37,"Mechanical loosening of unspecified internal prosthetic joint, initial encounter"
17,"Displaced avulsion fracture of tuberosity of left calcaneus, sequela"
2,Squamous blepharitis right upper eyelid
35,"Maternal care for other abnormalities of gravid uterus, second trimester"
46,"Displaced fracture of lunate [semilunar], left wrist, sequela"
37,"Other injury of muscle, fascia and tendon of long head of biceps, right arm, subsequent encounter"
27,"Atherosclerosis of nonautologous biological bypass graft(s) of the extremities with rest pain, unspecified extremity"
36,"Nondisplaced intertrochanteric fracture of unspecified femur, subsequent encounter for open fracture type IIIA, IIIB, or IIIC with routine healing"
19,"Strain of other muscle(s) and tendon(s) of posterior muscle group at lower leg level, unspecified leg"
48,Car driver injured in collision with other type car in traffic accident
14,Unspecified superficial injury of left wrist
38,"Adverse effect of mixed antiepileptics, sequela"
29,"Other reactive arthropathies, left ankle and foot"
30,"Burn of first degree of unspecified palm, sequela"
5,"Unspecified injury of intrinsic muscle, fascia and tendon of left thumb at wrist and hand level, sequela"
17,Nondisplaced supracondylar fracture with intracondylar extension of lower end of left femur
42,"Fracture of other part of scapula, left shoulder, subsequent encounter for fracture with malunion"
12,Sternal manubrial dissociation
25,"Primary blast injury of lung, bilateral, subsequent encounter"
37,Hemiplegia and hemiparesis following cerebral infarction affecting left dominant side
1,Rapidly progressive nephritic syndrome with other morphologic changes
22,"Disruption of external operation (surgical) wound, not elsewhere classified"
26,"Laceration of ulnar artery at forearm level, unspecified arm"
47,"Nondisplaced fracture of cuboid bone of right foot, sequela"
36,"Toxic effect of cobra venom, intentional self-harm, sequela"
38,"Antepartum hemorrhage with coagulation defect, unspecified, unspecified trimester"
50,Page kidney
36,"Assault by other firearm discharge, sequela"
2,"Corrosion of third degree of left lower leg, initial encounter"
10,Fibroadenosis of unspecified breast
1,"Corrosion of unspecified degree of right hand, unspecified site, sequela"
17,"Displaced fracture of neck of scapula, unspecified shoulder, sequela"
10,"Subluxation of radiocarpal joint of right wrist, subsequent encounter"
43,Causalgia of left upper limb
29,Nondisplaced fracture of right ulna styloid process
2,"Adverse effect of other specified systemic anti-infectives and antiparasitics, sequela"
21,"Other fracture of head and neck of right femur, subsequent encounter for open fracture type I or II with nonunion"
2,Junctional premature depolarization
50,"Corrosion of unspecified degree of neck, sequela"
9,"Poisoning by, adverse effect of and underdosing of ganglionic blocking drugs"
37,Infection and inflammatory reaction due to cardiac valve prosthesis
36,"Fall into swimming pool striking water surface causing drowning and submersion, sequela"
7,"Exposure to controlled fire, not in building or structure"
42,"Mature B-cell leukemia Burkitt-type, in relapse"
20,"Unspecified injury of flexor muscle, fascia and tendon of left thumb at forearm level"
29,"Major laceration of right kidney, sequela"
17,Laceration without foreign body of front wall of thorax without penetration into thoracic cavity
15,Corrosions involving 90% or more of body surface with 80-89% third degree corrosion
9,"Aneurysmal bone cyst, left forearm"
11,"Asphyxiation due to smothering under pillow, undetermined, initial encounter"
19,"Strain of extensor muscle, fascia and tendon of right thumb at wrist and hand level"
9,"Wedge compression fracture of third lumbar vertebra, initial encounter for open fracture"
31,"Anterior dislocation of right radial head, subsequent encounter"
5,"Other fracture of lower end of left femur, subsequent encounter for closed fracture with malunion"
28,"Displaced oblique fracture of shaft of right tibia, initial encounter for open fracture type I or II"
37,Drowning and submersion due to falling or jumping from other crushed unpowered watercraft
48,Monkeypox
49,"Poisoning by barbiturates, accidental (unintentional), subsequent encounter"
49,"Displaced fracture of body of scapula, left shoulder, subsequent encounter for fracture with malunion"
45,Carbuncle of unspecified hand
17,"Laceration with foreign body of right back wall of thorax without penetration into thoracic cavity, initial encounter"
6,"Other calcification of muscle, upper arm"
9,"Obstructed labor due to incomplete rotation of fetal head, fetus 2"
9,"Nondisplaced supracondylar fracture without intracondylar extension of lower end of right femur, initial encounter for closed fracture"
17,Unspecified fracture of second thoracic vertebra
5,"Pathological fracture in other disease, unspecified ulna and radius, subsequent encounter for fracture with delayed healing"
30,Corrosion of first degree of lower back
46,"Other specified rheumatoid arthritis, right hand"
45,"Insect bite (nonvenomous) of left hand, subsequent encounter"
33,Iliofemoral ligament sprain of right hip
40,Other physeal fracture of upper end of fibula
7,"Toxic effect of beryllium and its compounds, accidental (unintentional)"
17,"Laceration with foreign body of vagina and vulva, initial encounter"
3,"Displaced fracture of greater trochanter of unspecified femur, subsequent encounter for open fracture type IIIA, IIIB, or IIIC with nonunion"
44,"Bucket-handle tear of medial meniscus, current injury, left knee, subsequent encounter"
21,"Injury of acoustic nerve, left side, initial encounter"
10,"Laceration of intrinsic muscle, fascia and tendon of right ring finger at wrist and hand level, sequela"
26,"Unspecified motorcycle rider injured in collision with unspecified motor vehicles in traffic accident, subsequent encounter"
25,"Nondisplaced fracture of greater trochanter of right femur, subsequent encounter for open fracture type I or II with nonunion"
21,Presence of artificial larynx
42,Opioid dependence with opioid-induced psychotic disorder with delusions
27,"Displaced fracture of neck of fifth metacarpal bone, left hand, subsequent encounter for fracture with nonunion"
35,"Nondisplaced fracture of intermediate cuneiform of right foot, initial encounter for open fracture"
31,"Corrosion of first degree of right scapular region, sequela"
35,"Corrosion of first degree of back of right hand, sequela"
16,"Toxic effect of carbon disulfide, accidental (unintentional), initial encounter"
23,"Spontaneous rupture of extensor tendons, upper arm"
8,"External constriction of oral cavity, initial encounter"
34,"Unspecified fracture of upper end of unspecified humerus, subsequent encounter for fracture with routine healing"
26,Open wound of toe without damage to nail
3,"Displaced fracture of lateral condyle of left femur, subsequent encounter for open fracture type I or II with delayed healing"
2,"Other superficial bite of left thumb, sequela"
48,"Traumatic arthropathy, unspecified wrist"
3,"Spinal instabilities, lumbar region"
35,"Inferior subluxation of right humerus, subsequent encounter"
35,"Unspecified injury of bladder, subsequent encounter"
35,"Dislocation of T7/T8 thoracic vertebra, initial encounter"
3,"Lead-induced gout, left wrist"
39,Adolescent scoliosis
13,"Displacement of surgically created arteriovenous fistula, sequela"
38,"Maternal care for breech presentation, fetus 4"
16,Unspecified physeal fracture of upper end of right fibula
35,"Trisomy 13, mosaicism (mitotic nondisjunction)"
50,"Motorcycle driver injured in collision with pedal cycle in traffic accident, subsequent encounter"
9,"Displaced spiral fracture of shaft of radius, unspecified arm, subsequent encounter for open fracture type I or II with delayed healing"
11,"Unspecified physeal fracture of lower end of unspecified fibula, subsequent encounter for fracture with malunion"
20,"Nondisplaced fracture of neck of other metacarpal bone, subsequent encounter for fracture with routine healing"
50,Pedal cycle passenger injured in noncollision transport accident in traffic accident
12,"Unspecified fracture of sternum, initial encounter for closed fracture"
42,"Corrosion of second degree of unspecified thigh, subsequent encounter"
11,"Poisoning by unspecified fibrinolysis-affecting drugs, undetermined, initial encounter"
43,"Unspecified fracture of shaft of right tibia, initial encounter for open fracture type I or II"
48,"Neurotrophic keratoconjunctivitis, bilateral"
11,"Other dislocation of left patella, initial encounter"
11,"Colles' fracture of left radius, initial encounter for open fracture type IIIA, IIIB, or IIIC"
10,"Fall into storm drain or manhole, sequela"
41,"Recurrent dislocation of patella, unspecified knee"
39,"Burn with resulting rupture and destruction of left eyeball, subsequent encounter"
25,"Corrosion of unspecified degree of right upper arm, sequela"
46,"Asphyxiation due to hanging, accidental, subsequent encounter"
23,Juvenile dermatopolymyositis with myopathy
13,"Unspecified injury of extensor muscle, fascia and tendon of left index finger at forearm level, sequela"
10,"Displaced fracture of neck of second metacarpal bone, right hand"
39,"Noninfective disorders of pinna, unspecified ear"
39,"Burn of third degree of unspecified multiple fingers (nail), including thumb, initial encounter"
40,"Drowning and submersion due to other powered watercraft overturning, subsequent encounter"
20,Cardiac complications of anesthesia during the puerperium
23,Other superficial bite of fingers
13,"Strain of intrinsic muscle, fascia and tendon of left ring finger at wrist and hand level, sequela"
39,"Optic nerve hypoplasia, unspecified eye"
45,"Nondisplaced fracture of coronoid process of right ulna, initial encounter for open fracture type I or II"
7,"Struck by hit or thrown ball, unspecified type, initial encounter"
5,"Blepharophimosis right eye, unspecified eyelid"
8,"Liver and biliary tract disorders in pregnancy, unspecified trimester"
28,"Burn of third degree of chest wall, initial encounter"
11,"Other superficial bite of left elbow, sequela"
39,"Laceration with foreign body of left front wall of thorax without penetration into thoracic cavity, sequela"
6,"Nondisplaced fracture of lateral cuneiform of right foot, subsequent encounter for fracture with delayed healing"
30,"Fall due to collision between unspecified watercraft and other watercraft or other object, sequela"
47,"Superficial frostbite of right foot, initial encounter"
36,Malignant neoplasm of unspecified bones and articular cartilage of limb
3,"Displaced fracture of olecranon process with intraarticular extension of left ulna, initial encounter for open fracture type IIIA, IIIB, or IIIC"
10,"Car driver injured in collision with sport utility vehicle in traffic accident, initial encounter"
28,"Other superficial bite of other part of head, initial encounter"
15,"Toxic effect of unspecified metal, undetermined, initial encounter"
42,Other specified disorders of iris and ciliary body
25,"Disorders of visual pathways in (due to) inflammatory disorders, left side"
34,"Injury of radial nerve at forearm level, left arm, initial encounter"
42,"Unspecified injury of unspecified blood vessel at hip and thigh level, right leg, initial encounter"
4,Rheumatoid arthritis of right ankle and foot with involvement of other organs and systems
1,Underdosing of saline and osmotic laxatives
1,Cerebrospinal fluid leak
27,"War operation involving nuclear radiation effects of nuclear weapon, civilian, subsequent encounter"
19,"Corrosion of unspecified degree of unspecified foot, sequela"
2,"Nondisplaced fracture of base of other metacarpal bone, subsequent encounter for fracture with delayed healing"
36,"Displaced avulsion fracture (chip fracture) of left talus, subsequent encounter for fracture with malunion"
48,Malignant melanoma of other and unspecified parts of face
20,"Unspecified occupant of bus injured in collision with two- or three-wheeled motor vehicle in nontraffic accident, sequela"
19,"Gastric contents in trachea causing other injury, initial encounter"
8,"Displaced fracture of lateral condyle of unspecified tibia, subsequent encounter for open fracture type IIIA, IIIB, or IIIC with nonunion"
38,"Cystic meniscus, posterior horn of lateral meniscus, right knee"
15,"Chronic osteomyelitis with draining sinus, hand"
6,"Unspecified larger firearm discharge, undetermined intent"
44,"Nondisplaced unspecified condyle fracture of lower end of unspecified femur, subsequent encounter for open fracture type I or II with nonunion"
2,"Toxic effect of other seafood, accidental (unintentional), sequela"
8,"Displaced fracture of cuboid bone of left foot, subsequent encounter for fracture with malunion"
31,Unspecified foreign body in pharynx causing asphyxiation
1,Tracheostomy complications
28,Presence of other vascular implants and grafts
34,"Fistula, unspecified hip"
44,"Strain of muscle, fascia and tendon of long head of biceps, right arm, subsequent encounter"
46,Other and unspecified disorders of lactation
20,"Dislocation of C1/C2 cervical vertebrae, subsequent encounter"
36,"Other fracture of lower end of right ulna, initial encounter for open fracture type IIIA, IIIB, or IIIC"
2,"Extravasation of vesicant antineoplastic chemotherapy, subsequent encounter"
48,"Displaced fracture of distal phalanx of left thumb, initial encounter for closed fracture"
12,Salter-Harris Type IV physeal fracture of phalanx of unspecified toe
41,"Maternal care for other abnormalities of pelvic organs, unspecified trimester"
16,"Other osteoporosis with current pathological fracture, unspecified site, subsequent encounter for fracture with nonunion"
6,"Other injury of flexor muscle, fascia and tendon of right little finger at wrist and hand level"
50,"Nondisplaced fracture of olecranon process with intraarticular extension of unspecified ulna, sequela"
30,"Poisoning by analeptics and opioid receptor antagonists, accidental (unintentional), initial encounter"
4,"Displaced fracture of proximal phalanx of right little finger, subsequent encounter for fracture with delayed healing"
44,"Laceration of other blood vessels at lower leg level, unspecified leg, initial encounter"
1,"Chronic gout due to renal impairment, unspecified elbow, without tophus (tophi)"
28,Severe hypoxic ischemic encephalopathy [HIE]
8,"Recurrent pterygium of eye, bilateral"
29,Other congenital malformations of nervous system
9,"Unspecified fracture of shaft of right tibia, sequela"
29,"War operations involving incendiary bullet, civilian, subsequent encounter"
27,"Unspecified sprain of right hip, sequela"
33,Motorcycle driver injured in noncollision transport accident in nontraffic accident
27,"Laceration of other muscle(s) and tendon(s) at lower leg level, right leg, subsequent encounter"
50,Other protozoal intestinal diseases
32,Alcoholic hepatitis with ascites
7,"Injury of left internal carotid artery, intracranial portion, not elsewhere classified with loss of consciousness greater than 24 hours with return to pre-existing conscious level"
16,"Assault by strike by other specified type of sport equipment, initial encounter"
49,Congenital central alveolar hypoventilation syndrome
22,Alcohol abuse with alcohol-induced sexual dysfunction
15,Other place in single-family (private) house as the place of occurrence of the external cause
12,"Nondisplaced fracture of left tibial spine, subsequent encounter for open fracture type I or II with delayed healing"
42,"Moderate laceration of head of pancreas, initial encounter"
34,"Underdosing of antihyperlipidemic and antiarteriosclerotic drugs, initial encounter"
2,Angioimmunoblastic T-cell lymphoma
8,Leakage of infusion catheter
11,"Acute hemolytic transfusion reaction, unspecified incompatibility, subsequent encounter"
44,"Unspecified fracture of navicular [scaphoid] bone of left wrist, initial encounter for open fracture"
19,"Other physeal fracture of upper end of unspecified femur, subsequent encounter for fracture with delayed healing"
10,"Complete loss of teeth due to other specified cause, class I"
11,High grade squamous intraepithelial lesion on cytologic smear of vagina (HGSIL)
50,Subluxation of carpometacarpal joint of left thumb
3,"Unspecified occupant of special industrial vehicle injured in traffic accident, initial encounter"
19,"Other streptococcal arthritis, right hip"
7,Paranoid personality disorder
19,"Poisoning by unspecified narcotics, intentional self-harm"
23,Medial subluxation of unspecified ulnohumeral joint
29,"Injury of median nerve at wrist and hand level of left arm, sequela"
18,"Malignant neoplasm of urinary organ, unspecified"
39,"Poisoning by thrombolytic drug, assault, subsequent encounter"
14,"Displaced oblique fracture of shaft of right femur, initial encounter for open fracture type I or II"
49,Unspecified nephritic syndrome with diffuse mesangiocapillary glomerulonephritis
33,"Unspecified subluxation of right patella, sequela"
24,"Juvenile rheumatoid arthritis with systemic onset, left wrist"
30,"Other infection due to central venous catheter, sequela"
25,"Nondisplaced apophyseal fracture of unspecified femur, initial encounter for closed fracture"
5,"Adverse effect of digestants, initial encounter"
16,"Neoplasm of uncertain behavior of meninges, unspecified"
25,"Corrosion involving larynx and trachea with lung, initial encounter"
26,Laceration without foreign body of left shoulder
12,"Poisoning by other systemic antibiotics, intentional self-harm, subsequent encounter"
33,"Nondisplaced simple supracondylar fracture without intercondylar fracture of right humerus, initial encounter for closed fracture"
47,Intraoperative cardiac arrest
1,"Other streptococcal arthritis, left hip"
1,"Postinfective bulbous urethral stricture, not elsewhere classified"
33,"Toxic effect of chloroform, accidental (unintentional), sequela"
19,"Superficial (capsular) laceration of spleen, sequela"
38,"Adverse effect of unspecified hormone antagonists, subsequent encounter"
32,Chagas' disease
44,"Chronic gout due to renal impairment, vertebrae, without tophus (tophi)"
11,"Nondisplaced bimalleolar fracture of right lower leg, subsequent encounter for open fracture type IIIA, IIIB, or IIIC with delayed healing"
34,Zygomycosis
48,Crohn's disease of small intestine without complications
26,"Other specified disorders of ear in diseases classified elsewhere, unspecified ear"
16,"Abrasion of breast, unspecified breast, initial encounter"
24,"Antepartum hemorrhage with coagulation defect, unspecified"
30,"Displaced avulsion fracture (chip fracture) of left talus, subsequent encounter for fracture with malunion"
13,Adverse effect of other synthetic narcotics
23,"Nondisplaced fracture of olecranon process without intraarticular extension of right ulna, subsequent encounter for open fracture type IIIA, IIIB, or IIIC with delayed healing"
48,"Underdosing of aspirin, initial encounter"
26,"Nondisplaced fracture of proximal third of navicular [scaphoid] bone of right wrist, initial encounter for closed fracture"
25,"Drug-induced chronic gout, unspecified knee, without tophus (tophi)"
13,Syphilitic saddle nose
20,"Strain of flexor muscle, fascia and tendon of right ring finger at forearm level, subsequent encounter"
45,"Unspecified fracture of shaft of right tibia, initial encounter for closed fracture"
22,"Other age-related incipient cataract, unspecified eye"
39,"Pedestrian with other conveyance injured in collision with other nonmotor vehicle in nontraffic accident, initial encounter"
22,"Nondisplaced longitudinal fracture of left patella, subsequent encounter for open fracture type I or II with malunion"
28,Hit by object from burning building or structure in uncontrolled fire
29,Benign neoplasm of left kidney
50,Acute embolism and thrombosis of unspecified vein
16,"Complete lesion of L5 level of lumbar spinal cord, sequela"
5,Abrasion of other part of head
12,"Nondisplaced oblique fracture of shaft of left femur, subsequent encounter for open fracture type I or II with malunion"
8,"Kaschin-Beck disease, multiple sites"
3,"Sprain of metacarpophalangeal joint of left index finger, subsequent encounter"
34,"Displaced fracture of medial cuneiform of left foot, subsequent encounter for fracture with malunion"
21,"Nondisplaced comminuted fracture of shaft of ulna, left arm, subsequent encounter for closed fracture with nonunion"
10,"Laceration of blood vessel of right thumb, sequela"
25,"Driver of pick-up truck or van injured in collision with pedestrian or animal in traffic accident, subsequent encounter"
25,Inhalant abuse with other inhalant-induced disorders
4,In-line roller-skater colliding with stationary object
18,"Lennox-Gastaut syndrome, not intractable, without status epilepticus"
46,"Displaced fracture of right ulna styloid process, subsequent encounter for open fracture type I or II with nonunion"
4,Other and unspecified malignant neoplasm of skin
4,"Poisoning by emetics, intentional self-harm, sequela"
17,"Other injury of other muscle(s) and tendon(s) at lower leg level, unspecified leg, sequela"
36,Carcinoma in situ of other specified sites
35,Superficial frostbite of hand
17,"Displaced midcervical fracture of right femur, initial encounter for open fracture type IIIA, IIIB, or IIIC"
26,"Toxic effect of contact with unspecified venomous animal, undetermined, subsequent encounter"
29,Person on outside of three-wheeled motor vehicle injured in collision with railway train or railway vehicle in nontraffic accident
34,"Displaced fracture of right tibial tuberosity, subsequent encounter for open fracture type I or II with routine healing"
33,"Other effects of heat and light, subsequent encounter"
45,"Osteitis condensans, unspecified thigh"
3,"Other injury of celiac artery, subsequent encounter"
42,"Salter-Harris Type III physeal fracture of lower end of ulna, left arm"
2,"Underdosing of insulin and oral hypoglycemic [antidiabetic] drugs, sequela"
36,"Displaced fracture of posterior wall of unspecified acetabulum, initial encounter for open fracture"
36,"Nondisplaced fracture of lateral condyle of unspecified tibia, subsequent encounter for open fracture type IIIA, IIIB, or IIIC with routine healing"
15,"Other ice-skates accident, subsequent encounter"
31,Other sprain of unspecified thumb
32,"Toxic effect of contact with Portugese Man-o-war, accidental (unintentional), initial encounter"
48,Other mechanical complication of cardiac electronic device
14,Mechanical ectropion of right upper eyelid
46,Retarded development following protein-calorie malnutrition
15,"Nondisplaced midcervical fracture of left femur, subsequent encounter for open fracture type I or II with routine healing"
7,"Other chondrocalcinosis, unspecified knee"
18,"Other stimulant use, unspecified with other stimulant-induced disorder"
20,"Complete physeal arrest, right proximal tibia"
4,"Contusion of unspecified finger without damage to nail, sequela"
8,"Displaced fracture of capitate [os magnum] bone, unspecified wrist, subsequent encounter for fracture with malunion"
37,"Rheumatoid nodule, shoulder"
26,"Nondisplaced spiral fracture of shaft of right tibia, subsequent encounter for open fracture type IIIA, IIIB, or IIIC with nonunion"
35,"Open bite of lower back and pelvis without penetration into retroperitoneum, sequela"
48,"Unspecified fracture of shaft of right radius, subsequent encounter for open fracture type I or II with malunion"
38,"Displaced fracture of body of left talus, initial encounter for open fracture"
39,"Nondisplaced fracture of head of right radius, subsequent encounter for closed fracture with routine healing"
24,"Toxic effect of venom of brown recluse spider, undetermined, subsequent encounter"
36,"Strain of unspecified muscle, fascia and tendon at wrist and hand level, right hand, subsequent encounter"
34,"Poisoning by 4-Aminophenol derivatives, intentional self-harm, subsequent encounter"
47,Accidental puncture and laceration of a circulatory system organ or structure during a procedure
36,"External constriction of left elbow, sequela"
7,Chagas' disease (chronic) with other organ involvement
2,"Poisoning by other agents primarily affecting gastrointestinal system, intentional self-harm, subsequent encounter"
19,"Nondisplaced fracture of acromial process, unspecified shoulder, subsequent encounter for fracture with nonunion"
29,Atherosclerosis of unspecified type of bypass graft(s) of the left leg with ulceration of ankle
32,"Corrosion of second degree of buttock, sequela"
20,"Other specified injury of long flexor muscle, fascia and tendon of unspecified thumb at wrist and hand level, sequela"
15,Chronic gastric ulcer without hemorrhage or perforation
32,"Poisoning by, adverse effect of and underdosing of other hormone antagonists"
14,"Toxic effect of benzene, assault, subsequent encounter"
18,"Displaced comminuted fracture of shaft of radius, right arm, subsequent encounter for closed fracture with delayed healing"
1,"Nondisplaced simple supracondylar fracture without intercondylar fracture of right humerus, subsequent encounter for fracture with malunion"
22,Other diseases of pulmonary vessels
6,"Derangement of other medial meniscus due to old tear or injury, unspecified knee"
16,"Traumatic spondylopathy, thoracic region"
34,Other subluxation and dislocation of patella
39,Other hypospadias
48,Displaced transverse fracture of left patella
40,"Other pulmonary complications of anesthesia during pregnancy, third trimester"
44,"Unspecified tear of unspecified meniscus, current injury, left knee, sequela"
4,"Unspecified open wound of abdominal wall, periumbilic region without penetration into peritoneal cavity, subsequent encounter"
46,"Laceration of other extensor muscle, fascia and tendon at forearm level, left arm"
30,"Disorder of gingiva and edentulous alveolar ridge, unspecified"
15,"Legal intervention involving other specified means, bystander injured"
11,"Car passenger injured in noncollision transport accident in traffic accident, sequela"
7,"Monoplegia, unspecified affecting left dominant side"
8,"Strain of other specified muscles and tendons at ankle and foot level, left foot, sequela"
39,"Osteochondritis dissecans, unspecified knee"
34,"Puncture wound without foreign body of larynx, initial encounter"
1,"Other sprain of unspecified elbow, sequela"
11,"Unspecified fracture of fourth metacarpal bone, right hand, subsequent encounter for fracture with nonunion"
13,Jumping or diving into natural body of water striking water surface causing drowning and submersion
33,"Unspecified maternal infectious and parasitic disease complicating pregnancy, first trimester"
33,Congenital absence of left foot and toe(s)
28,Dislocation of unspecified parts of lumbar spine and pelvis
43,Postprocedural septic shock
3,Unspecified open wound of right forearm
26,"Puncture wound without foreign body of unspecified external genital organs, female, subsequent encounter"
11,Malignant neoplasm of left ureter
33,Non-pressure chronic ulcer of other part of unspecified foot with necrosis of muscle
1,Iron deficiency anemia secondary to blood loss (chronic)
11,Fluency disorder following other cerebrovascular disease
33,"Injury of peripheral nerves of neck, subsequent encounter"
36,"Brown-Sequard syndrome at C2 level of cervical spinal cord, initial encounter"
45,"Nondisplaced oblique fracture of shaft of left fibula, subsequent encounter for closed fracture with nonunion"
46,"Unspecified fracture of upper end of unspecified radius, initial encounter for open fracture type I or II"
5,"Poisoning by angiotensin-converting-enzyme inhibitors, undetermined, sequela"
5,Congenital mitral stenosis
37,"Person boarding or alighting a car injured in collision with pick-up truck, initial encounter"
14,Occupant of animal-drawn vehicle injured in collision with two- or three-wheeled motor vehicle
22,"Nondisplaced bicondylar fracture of left tibia, subsequent encounter for open fracture type I or II with nonunion"
49,"Unspecified firearm discharge, undetermined intent, subsequent encounter"
48,"Maternal care for benign tumor of corpus uteri, first trimester"
9,Sprain of medial collateral ligament of left knee
11,"Unspecified open wound of abdominal wall, left upper quadrant without penetration into peritoneal cavity"
38,"Other types of follicular lymphoma, intra-abdominal lymph nodes"
43,"Unspecified injury of other extensor muscle, fascia and tendon at forearm level, right arm, initial encounter"
21,"Passenger in pick-up truck or van injured in noncollision transport accident in traffic accident, sequela"
11,Type AB blood
1,Breakdown (mechanical) of cystostomy catheter
9,"Poisoning by other viral vaccines, assault, initial encounter"
26,"Other sprain of sternum, subsequent encounter"
46,"Unspecified fracture of upper end of right humerus, subsequent encounter for fracture with routine healing"
32,"Fall from stairs and steps due to ice and snow, subsequent encounter"
27,"Toxic effect of cyanides, accidental (unintentional)"
31,"Nondisplaced fracture of lesser tuberosity of right humerus, initial encounter for closed fracture"
8,"Type III occipital condyle fracture, right side, subsequent encounter for fracture with delayed healing"
30,Polycythemia neonatorum
47,"Pedestrian with other conveyance injured in collision with heavy transport vehicle or bus in nontraffic accident, sequela"
34,Blood alcohol level of 240 mg/100 ml or more
43,Protein-calorie malnutrition of moderate and mild degree
9,"Nondisplaced spiral fracture of shaft of radius, right arm, subsequent encounter for open fracture type IIIA, IIIB, or IIIC with nonunion"
46,Nondisplaced fracture of lateral condyle of left humerus
48,"Sedative, hypnotic or anxiolytic abuse, uncomplicated"
19,"Laceration of ovary, unilateral"
4,"Poisoning by other agents primarily affecting gastrointestinal system, accidental (unintentional), initial encounter"
40,"Corrosion of unspecified degree of right hand, unspecified site, sequela"
22,"Nondisplaced comminuted fracture of shaft of left fibula, subsequent encounter for open fracture type IIIA, IIIB, or IIIC with routine healing"
25,"Corrosion of first degree of left thumb (nail), sequela"
4,"Toxic effect of venom of gila monster, accidental (unintentional)"
32,Mechanical complication of coronary artery bypass graft and biological heart valve graft
16,Occlusion and stenosis of right anterior cerebral artery
3,Personal history of other (corrected) congenital malformations
2,"Other fracture of unspecified femur, subsequent encounter for open fracture type I or II with delayed healing"
23,"Nondisplaced intertrochanteric fracture of right femur, subsequent encounter for closed fracture with nonunion"
12,"Unspecified fracture of lower end of unspecified ulna, subsequent encounter for closed fracture with routine healing"
42,"Acute suppurative otitis media without spontaneous rupture of ear drum, bilateral"
44,"Maternal care for retroversion of gravid uterus, third trimester"
41,Stenosis of continent stoma of urinary tract
41,Other and unspecified war operations
22,Fracture of angle of left mandible
29,"Other injury of flexor muscle, fascia and tendon of unspecified thumb at forearm level, initial encounter"
50,"Horseshoe tear of retina without detachment, left eye"
25,Corrosion of first degree of unspecified axilla
6,"Unspecified injury of left shoulder and upper arm, subsequent encounter"
35,Malignant neoplasm of nasal cavity and middle ear
7,Foreign body in other parts of genitourinary tract
34,"Other incomplete lesion at C2 level of cervical spinal cord, sequela"
47,"Unspecified injury of rectum, subsequent encounter"
15,"Other fracture of second lumbar vertebra, sequela"
26,"Displaced fracture of fifth metatarsal bone, right foot, initial encounter for closed fracture"
30,"Partial traumatic transphalangeal amputation of left thumb, sequela"
33,"Displaced bicondylar fracture of unspecified tibia, subsequent encounter for closed fracture with delayed healing"
17,"Kearns-Sayre syndrome, right eye"
6,"Nondisplaced fracture of left ulna styloid process, initial encounter for open fracture type I or II"
39,"Traumatic rupture of unspecified ulnar collateral ligament, initial encounter"
39,"Crushing injury of vulva, initial encounter"
44,"Pathological fracture in neoplastic disease, unspecified foot, initial encounter for fracture"
13,"Nondisplaced fracture of anterior process of left calcaneus, subsequent encounter for fracture with nonunion"
1,"Person on outside of car injured in collision with other nonmotor vehicle in nontraffic accident, subsequent encounter"
6,"Unspecified open wound of lip, sequela"
38,"Burn of second degree of lip(s), sequela"
24,"Periodic headache syndromes in child or adult, intractable"
35,"Unspecified retained (old) intraocular foreign body, magnetic"
27,"Military operations involving explosion due to accidental detonation and discharge of own munitions or munitions launch device, military personnel, subsequent encounter"
13,Other specified injuries left forearm
5,Spontaneous bacterial peritonitis
19,"Other physeal fracture of right metatarsal, subsequent encounter for fracture with routine healing"
40,"Person injured while boarding or alighting from railway train or railway vehicle, initial encounter"
9,"Unspecified occupant of bus injured in collision with two- or three-wheeled motor vehicle in nontraffic accident, subsequent encounter"
47,"Burn of first degree of chest wall, sequela"
28,"External constriction of right eyelid and periocular area, initial encounter"
24,"Nondisplaced oblique fracture of shaft of left radius, subsequent encounter for open fracture type I or II with routine healing"
41,"Blister (nonthermal) of breast, right breast"
28,"Nondisplaced fracture of fifth metatarsal bone, unspecified foot, subsequent encounter for fracture with malunion"
1,"Displaced fracture of shaft of right clavicle, initial encounter for open fracture"
46,"Sezary disease, lymph nodes of head, face, and neck"
8,"External constriction of unspecified external genital organs, male, sequela"
15,Adverse effect of other antipsychotics and neuroleptics
46,"Nondisplaced osteochondral fracture of left patella, initial encounter for open fracture type I or II"
32,Carbuncle of perineum
22,"Hydroxyapatite deposition disease, left shoulder"
8,"Frostbite with tissue necrosis of unspecified foot, sequela"
21,"Zygomatic fracture, unspecified side, initial encounter for closed fracture"
16,"Unspecified fracture of upper end of right ulna, subsequent encounter for closed fracture with malunion"
11,"Displaced associated transverse-posterior fracture of left acetabulum, subsequent encounter for fracture with delayed healing"
49,"Displaced fracture of hook process of hamate [unciform] bone, unspecified wrist, initial encounter for open fracture"
6,Spastic entropion of eyelid
8,Laceration with foreign body of unspecified eyelid and periocular area
33,Injury of carotid artery of neck
40,Nontraumatic subarachnoid hemorrhage from right posterior communicating artery
43,Unspecified injury of anterior tibial artery
22,"Partial retinal artery occlusion, left eye"
16,"Poisoning by other parasympathomimetics [cholinergics], intentional self-harm, sequela"
43,Iron deficiency anemia secondary to blood loss (chronic)
25,"Displaced apophyseal fracture of left femur, initial encounter for open fracture type IIIA, IIIB, or IIIC"
28,"Fracture of unspecified part of neck of right femur, sequela"
43,Other unsatisfactory restoration of tooth
7,Benign neoplasm of unspecified ciliary body
46,"Glaucoma secondary to drugs, left eye, mild stage"
10,Hepatic sclerosis
30,"Displaced fracture of head of left radius, subsequent encounter for open fracture type I or II with malunion"
35,"Unspecified sprain of unspecified hip, subsequent encounter"
49,Postprocedural air leak
35,"Motorcycle passenger injured in collision with fixed or stationary object in traffic accident, subsequent encounter"
9,"Osteitis deformans in neoplastic diseases, unspecified shoulder"
26,"Glaucoma secondary to eye trauma, left eye, stage unspecified"
30,"Salter-Harris Type IV physeal fracture of unspecified calcaneus, subsequent encounter for fracture with routine healing"
6,"Nondisplaced pilon fracture of right tibia, initial encounter for open fracture type IIIA, IIIB, or IIIC"
9,Inflammatory diseases of prostate
40,"Injury of left iliac vein, sequela"
13,"Flail joint, right elbow"
8,"Other infective spondylopathies, cervicothoracic region"
38,"Displaced fracture of anterior process of unspecified calcaneus, initial encounter for open fracture"
17,"Toxic effect of contact with other venomous amphibian, intentional self-harm, subsequent encounter"
7,"Spondylolysis, sacral and sacrococcygeal region"
14,"Displaced supracondylar fracture with intracondylar extension of lower end of left femur, subsequent encounter for open fracture type IIIA, IIIB, or IIIC with routine healing"
22,"Adverse effect of other bacterial vaccines, sequela"
18,"Atherosclerosis of nonautologous biological bypass graft(s) of the extremities with rest pain, bilateral legs"
46,Malignant neoplasm of lingual tonsil
19,"Driver of heavy transport vehicle injured in collision with pedestrian or animal in nontraffic accident, sequela"
44,"Crushing injury of left thigh, subsequent encounter"
34,Benign neoplasm of right renal pelvis
9,"Other multiple liveborn infant, unspecified as to place of birth"
20,Eversion of bilateral lacrimal punctum
32,"Foreign body on external eye, part unspecified, right eye, initial encounter"
36,"Drug-induced chronic gout, unspecified hand"
18,Malignant neoplasm of peripheral nerves of abdomen
10,"Unspecified intracranial injury without loss of consciousness, subsequent encounter"
43,"Unspecified injury of unspecified blood vessel at wrist and hand level of right arm, initial encounter"
26,"Foreign body in conjunctival sac, right eye, sequela"
48,"Nondisplaced spiral fracture of shaft of left femur, subsequent encounter for open fracture type IIIA, IIIB, or IIIC with nonunion"
6,Personal history of malignant neoplasm of other male genital organs
3,"Corrosion of third degree of multiple left fingers (nail), including thumb, sequela"
50,"Toxic effect of 2-Propanol, assault, sequela"
43,Hypertrophic disorders of skin
35,"Laceration of intrinsic muscle and tendon at ankle and foot level, right foot, subsequent encounter"
10,"Other complications of foreign body accidentally left in body following kidney dialysis, subsequent encounter"
23,"Hit or struck by falling object due to accident to unspecified watercraft, sequela"
4,"Poisoning by other laxatives, intentional self-harm, subsequent encounter"
15,"Poisoning by other bacterial vaccines, undetermined"
34,Congenital absence of left thigh and lower leg with foot present
43,"Nondisplaced fracture of neck of fifth metacarpal bone, right hand, initial encounter for open fracture"
21,"Third degree perineal laceration during delivery, unspecified"
38,"Unspecified injury of right innominate or subclavian vein, subsequent encounter"
42,Encounter for screening for other protozoal diseases and helminthiases
36,"Drowning and submersion while in swimming pool, undetermined intent, subsequent encounter"
7,"Rheumatoid arthritis without rheumatoid factor, right hand"
3,Machinery accident on board watercraft
28,Unspecified fracture of right ischium
50,"Incarcerated fracture (avulsion) of medial epicondyle of right humerus, subsequent encounter for fracture with malunion"
38,"Unspecified injury of left pulmonary blood vessels, sequela"
29,"Chronic gout due to renal impairment, right elbow, without tophus (tophi)"
48,"Corrosion of unspecified degree of unspecified elbow, subsequent encounter"
30,"Contact with nonvenomous plant thorns and spines and sharp leaves, initial encounter"
22,"Poisoning by, adverse effect of and underdosing of unspecified nonopioid analgesic, antipyretic and antirheumatic"
24,"Open bite, left hip, sequela"
15,"Volume depletion, unspecified"
7,"Abrasion, unspecified great toe, sequela"
29,"Strain of adductor muscle, fascia and tendon of right thigh, subsequent encounter"
49,Mallet finger of unspecified finger(s)
5,"Pedestrian on skateboard injured in collision with car, pick-up truck or van in nontraffic accident, sequela"
35,"Other sprain of unspecified hip, sequela"
13,"Major osseous defect, other site"
20,"Unspecified injury of lower back, sequela"
4,"Arthropathy following intestinal bypass, left elbow"
26,"Other osteoporosis with current pathological fracture, unspecified ankle and foot"
1,"Displaced fracture of middle third of navicular [scaphoid] bone of left wrist, subsequent encounter for fracture with delayed healing"
40,Drug induced akathisia
37,Open wound of right buttock
22,"Displaced fracture of neck of second metacarpal bone, right hand, subsequent encounter for fracture with routine healing"
45,"Laceration of flexor muscle, fascia and tendon of left middle finger at wrist and hand level"
23,"Juvenile arthritis, unspecified, right elbow"
24,Diabetes mellitus due to underlying condition with other diabetic ophthalmic complication
14,"Displaced avulsion fracture of right ilium, initial encounter for open fracture"
33,"Other secondary chronic gout, left wrist, with tophus (tophi)"
35,"Unspecified injury of ulnar artery at wrist and hand level of right arm, initial encounter"
31,"Poisoning by selective serotonin and norepinephrine reuptake inhibitors, accidental (unintentional), sequela"
46,"Displaced segmental fracture of shaft of right fibula, subsequent encounter for open fracture type IIIA, IIIB, or IIIC with nonunion"
3,"Crushed between passenger ship and other watercraft or other object due to collision, sequela"
20,"Passenger in pick-up truck or van injured in collision with unspecified motor vehicles in traffic accident, sequela"
13,"Poisoning by carbonic-anhydrase inhibitors, benzothiadiazides and other diuretics, assault, sequela"
6,Hordeolum externum right upper eyelid
43,"Minor laceration of right carotid artery, initial encounter"
25,"Subluxation of T5/T6 thoracic vertebra, initial encounter"
26,"Poisoning by loop [high-ceiling] diuretics, intentional self-harm"
19,Other superficial bite of shoulder
4,Exomphalos
26,Personal history of malignant neoplasm of ovary
4,"Other injury of extensor muscle, fascia and tendon of right ring finger at wrist and hand level, subsequent encounter"
37,Newborn affected by other morphological and functional abnormalities of placenta
6,"Primary blast injury of fallopian tube, unilateral, subsequent encounter"
41,Monocular exotropia
15,Myocardial degeneration
35,"Open bite of left great toe with damage to nail, sequela"
14,"Poisoning by anthelminthics, accidental (unintentional), initial encounter"
9,Corrosion of second degree of multiple sites of left wrist and hand
39,"Corrosion of second degree of right elbow, initial encounter"
44,"Other specified injury of other blood vessels of thorax, unspecified side"
2,"Nondisplaced fracture of olecranon process with intraarticular extension of unspecified ulna, subsequent encounter for open fracture type I or II with malunion"
41,Puncture wound with foreign body of unspecified great toe without damage to nail
19,"Nondisplaced fracture of right ulna styloid process, subsequent encounter for open fracture type IIIA, IIIB, or IIIC with delayed healing"
26,"Other specific arthropathies, not elsewhere classified, right hand"
22,Corrosion of unspecified degree of upper arm
30,Malignant neoplasm of lower-inner quadrant of unspecified female breast
18,Resistance to antiviral drug(s)
37,"Other fracture of right lower leg, subsequent encounter for closed fracture with routine healing"
26,"Adverse effect of mixed bacterial vaccines without a pertussis component, subsequent encounter"
6,"Other chondrocalcinosis, knee"
49,"Recession of chamber angle, unspecified eye"
17,"Contusion of heart without hemopericardium, sequela"
7,"Monteggia's fracture of left ulna, subsequent encounter for closed fracture with routine healing"
8,"Non-Hodgkin lymphoma, unspecified, spleen"
6,Unspecified fracture of acetabulum
18,"Complete transverse atypical femoral fracture, right leg, subsequent encounter for fracture with malunion"
21,"Toxic effect of unspecified corrosive substance, intentional self-harm, subsequent encounter"
38,"Decreased fetal movements, third trimester, fetus 1"
35,"Adverse effect of other psychostimulants, sequela"
7,"Other injury of fallopian tube, unspecified, sequela"
41,Other disorders of psychological development
40,"Unspecified fracture of shaft of unspecified fibula, subsequent encounter for open fracture type I or II with routine healing"
6,"Open wound of abdomen, lower back, pelvis and external genitals"
2,"Greenstick fracture of shaft of radius, unspecified arm, subsequent encounter for fracture with delayed healing"
39,"Sprain of interphalangeal joint of unspecified thumb, subsequent encounter"
17,"Osteitis condensans, right forearm"
13,"Displaced transverse fracture of unspecified patella, subsequent encounter for open fracture type IIIA, IIIB, or IIIC with nonunion"
3,"Burn of first degree of unspecified upper arm, sequela"
16,"Poisoning by, adverse effect of and underdosing of tetracyclines"
19,"Poisoning by other psychotropic drugs, undetermined, sequela"
39,"Poisoning by caffeine, assault, initial encounter"
35,Encounter for screening for malignant neoplasm of ovary
27,Breakdown (mechanical) of implanted penile prosthesis
43,"Corrosion of third degree of multiple sites of left wrist and hand, sequela"
6,"Fall due to collision between sailboat and other watercraft or other object, initial encounter"
35,"Type 2 diabetes mellitus with moderate nonproliferative diabetic retinopathy without macular edema, left eye"
6,Infective myocarditis
33,"Displaced oblique fracture of shaft of right ulna, initial encounter for open fracture type I or II"
50,Wiskott-Aldrich syndrome
15,"Unspecified injury of unspecified tibial artery, left leg, subsequent encounter"
28,Congenital absence of right upper arm and forearm with hand present
27,"Other optic atrophy, unspecified eye"
16,Burn of unspecified degree of unspecified scapular region
37,"Arthropathies in other specified diseases classified elsewhere, shoulder"
48,"Drowning and submersion due to merchant ship overturning, initial encounter"
16,"Military operations involving explosion of torpedo, civilian, sequela"
9,"Accidental drowning and submersion while in bath-tub, subsequent encounter"
38,"Explosion of blasting material, subsequent encounter"
39,Acute post-traumatic headache
43,"Displacement of intraperitoneal dialysis catheter, initial encounter"
50,"Insect bite (nonvenomous) of left little finger, subsequent encounter"
44,Embolism and thrombosis of unspecified vein
28,Unspecified appendicitis
21,"Pathological fracture in neoplastic disease, right radius, subsequent encounter for fracture with nonunion"
9,Nondisplaced unspecified fracture of unspecified lesser toe(s)
15,"Displaced oblique fracture of shaft of left tibia, subsequent encounter for open fracture type IIIA, IIIB, or IIIC with nonunion"
26,Holiday relief care
45,"Toxic effect of latex, accidental (unintentional), subsequent encounter"
45,"Contact with electric knife, subsequent encounter"
15,"Other specified diabetes mellitus with severe nonproliferative diabetic retinopathy with macular edema, bilateral"
40,"Familial chondrocalcinosis, right knee"
40,"Nondisplaced fracture of distal phalanx of unspecified great toe, initial encounter for open fracture"
32,"Burn due to localized fire on board merchant vessel, sequela"
21,"Unspecified injury of external genitals, initial encounter"
16,"Insect bite (nonvenomous), unspecified thigh"
44,Drug or chemical induced diabetes mellitus with foot ulcer
47,"Salter-Harris Type I physeal fracture of left calcaneus, subsequent encounter for fracture with nonunion"
32,"Other disorders of patella, left knee"
23,"Unspecified open wound of scrotum and testes, sequela"
14,"Other disorders of optic nerve, not elsewhere classified, unspecified eye"
38,"Disorder of amniotic fluid and membranes, unspecified, unspecified trimester, fetus 1"
30,"Toxic effect of unspecified corrosive substance, intentional self-harm"
1,"Subluxation of other parts of unspecified shoulder girdle, sequela"
48,"Car driver injured in collision with pick-up truck in nontraffic accident, sequela"
38,"Activity, grilling and smoking food"
15,"Corrosion of unspecified degree of left palm, sequela"
19,"Stress fracture, hand and fingers"
11,"Thoracic aortic aneurysm, ruptured"
40,Unspecified dislocation of right knee
14,"Burn of unspecified degree of right ankle, subsequent encounter"
43,"Nondisplaced articular fracture of head of left femur, initial encounter for open fracture type IIIA, IIIB, or IIIC"
49,"Disorder of carbohydrate metabolism, unspecified"
11,"Legal intervention involving injury by rifle pellet, bystander injured, subsequent encounter"
15,"Nondisplaced supracondylar fracture without intracondylar extension of lower end of unspecified femur, initial encounter for closed fracture"
45,"Other fracture of lower end of unspecified ulna, subsequent encounter for closed fracture with routine healing"
32,"Laceration with foreign body of right little finger with damage to nail, subsequent encounter"
41,"Unspecified retained (old) intraocular foreign body, magnetic, left eye"
33,"Strain of flexor muscle, fascia and tendon of right middle finger at wrist and hand level, initial encounter"
39,"Unspecified injury of heart without hemopericardium, subsequent encounter"
22,Unspecified cause of accidental drowning and submersion
28,"Displaced fracture of neck of fourth metacarpal bone, left hand, initial encounter for closed fracture"
40,"Corrosion of unspecified degree of multiple sites of left wrist and hand, subsequent encounter"
48,"Minor opacity of cornea, bilateral"
45,"Unspecified injury of flexor muscle, fascia and tendon of left index finger at forearm level, initial encounter"
20,Nontraumatic compartment syndrome of left upper extremity
45,"Poisoning by, adverse effect of and underdosing of unspecified drugs, medicaments and biological substances"
7,"Other mechanical complication of other urinary catheter, subsequent encounter"
10,"Malocclusion, Angle's class III"
18,Other salmonella infections
11,Atherosclerosis of other coronary artery bypass graft(s) with angina pectoris
39,"Poisoning by selective serotonin reuptake inhibitors, undetermined, sequela"
32,"Laceration of radial artery at forearm level, unspecified arm, sequela"
44,"Poisoning by iminostilbenes, intentional self-harm, sequela"
13,Obstetric high vaginal laceration alone
45,"Complete traumatic transphalangeal amputation of right middle finger, initial encounter"
3,"Laceration of liver, unspecified degree, initial encounter"
31,"Unspecified injury of unspecified intra-abdominal organ, subsequent encounter"
24,Unspecified sprain of right little finger
24,"Laceration of unspecified muscle(s) and tendon(s) at lower leg level, left leg"
8,"External constriction, unspecified lesser toe(s), subsequent encounter"
7,"Avulsion of scalp, initial encounter"
30,"Bent bone of unspecified radius, subsequent encounter for closed fracture with malunion"
40,Encounter for mental health services for child abuse problems
22,"Toxic effect of unspecified gases, fumes and vapors, undetermined, initial encounter"
41,Autoimmune thyroiditis
36,"Injury of musculocutaneous nerve, right arm, sequela"
40,"Displaced comminuted fracture of shaft of humerus, unspecified arm, subsequent encounter for fracture with malunion"
21,"Focal chorioretinal inflammation of posterior pole, left eye"
4,Cerebral infarction due to embolism of bilateral vertebral arteries
20,"Partial traumatic amputation at level between unspecified shoulder and elbow, subsequent encounter"
38,"Toxic effect of contact with venomous marine plant, intentional self-harm"
33,Malignant neoplasm of unspecified round ligament
11,"Other fracture of T7-T8 thoracic vertebra, subsequent encounter for fracture with delayed healing"
20,"Stress fracture, unspecified foot, subsequent encounter for fracture with delayed healing"
25,"Traumatic arthropathy, multiple sites"
27,"Poisoning by other fibrinolysis-affecting drugs, assault, initial encounter"
43,"Other subluxation of left foot, subsequent encounter"
22,"Cocaine use, unspecified with other cocaine-induced disorder"
39,"Thrombosis due to vascular prosthetic devices, implants and grafts"
24,"Poisoning by oral contraceptives, undetermined, subsequent encounter"
2,"Burn of unspecified degree of right knee, initial encounter"
27,"Unspecified Zone II fracture of sacrum, subsequent encounter for fracture with delayed healing"
9,Corrosion of first degree of foot
40,Fall on board merchant ship
35,"Drowning and submersion due to other unpowered watercraft sinking, subsequent encounter"
24,"Underdosing of caffeine, initial encounter"
22,"Breakdown (mechanical) of artificial skin graft and decellularized allodermis, initial encounter"
13,"Unspecified fracture of shaft of left radius, subsequent encounter for closed fracture with routine healing"
22,"Crushing injury of scrotum and testis, initial encounter"
20,"Toxic effect of beryllium and its compounds, accidental (unintentional), initial encounter"
5,"Certain early complications of trauma, not elsewhere classified"
15,"Poisoning by anthelminthics, undetermined, sequela"
24,"Legal intervention involving other blunt objects, bystander injured, initial encounter"
29,"Legal intervention involving unspecified firearm discharge, law enforcement official injured, initial encounter"
22,Schwannomatosis
3,"Unspecified occupant of heavy transport vehicle injured in collision with railway train or railway vehicle in traffic accident, sequela"
17,Breakdown (mechanical) of internal fixation device of left femur
29,Drug induced tics
13,"Body mass index (BMI) 23.0-23.9, adult"
24,"Iliac crest spur, right hip"
20,Burn of unspecified degree of left scapular region
23,"Duane's syndrome, right eye"
13,"Corrosions of left ear drum, sequela"
35,"Displaced comminuted fracture of shaft of left femur, subsequent encounter for open fracture type I or II with nonunion"
13,Other dermatopolymyositis with other organ involvement
28,Mathematics disorder
24,Injury of digital nerve of right index finger
18,"Displaced Rolando's fracture, left hand"
4,"Poisoning by, adverse effect of and underdosing of antitussives"
19,"Unspecified injury of pelvis, subsequent encounter"
48,"Strain of other specified muscles, fascia and tendons at wrist and hand level, left hand, subsequent encounter"
39,"Salter-Harris Type III physeal fracture of upper end of left tibia, subsequent encounter for fracture with delayed healing"
8,"Passenger on bus injured in collision with pedestrian or animal in nontraffic accident, initial encounter"
5,"Unspecified injury of superficial palmar arch of right hand, subsequent encounter"
4,"Toxic effect of manganese and its compounds, accidental (unintentional), subsequent encounter"
46,"Nondisplaced segmental fracture of shaft of radius, left arm, initial encounter for closed fracture"
12,"Unspecified fracture of navicular [scaphoid] bone of right wrist, subsequent encounter for fracture with malunion"
18,"Malignant neoplasm of connective and soft tissue of right lower limb, including hip"
38,"Burn of first degree of multiple sites of left wrist and hand, sequela"
27,"Traumatic hemorrhage of left cerebrum with loss of consciousness of 1 hours to 5 hours 59 minutes, initial encounter"
34,"Unspecified fracture of shaft of humerus, left arm"
36,"Nondisplaced transverse fracture of shaft of left tibia, subsequent encounter for open fracture type I or II with delayed healing"
8,"Laceration of intrinsic muscle, fascia and tendon of unspecified thumb at wrist and hand level, initial encounter"
2,Multi-system degeneration of the autonomic nervous system
37,"Retained (nonmagnetic) (old) foreign body in lens, left eye"
40,"Passenger in three-wheeled motor vehicle injured in collision with railway train or railway vehicle in traffic accident, initial encounter"
29,Oblique fracture of shaft of humerus
12,"Pathological fracture in other disease, left ulna, sequela"
1,"Other mechanical complication of internal fixation device of vertebrae, subsequent encounter"
8,"Palindromic rheumatism, wrist"
48,Toxic effects of petroleum products
35,"Nondisplaced bimalleolar fracture of unspecified lower leg, initial encounter for open fracture type IIIA, IIIB, or IIIC"
7,"Adverse effect of glucocorticoids and synthetic analogues, sequela"
9,External constriction of other finger
5,"Displaced intraarticular fracture of left calcaneus, subsequent encounter for fracture with malunion"
5,"Unspecified car occupant injured in collision with unspecified motor vehicles in nontraffic accident, subsequent encounter"
22,"Peripheral pterygium, stationary, right eye"
8,"Glaucoma secondary to eye trauma, unspecified eye"
13,"Pathological fracture, unspecified shoulder, sequela"
29,"Age-related osteoporosis with current pathological fracture, right shoulder, subsequent encounter for fracture with malunion"
3,Dislocation of metacarpophalangeal joint of right index finger
30,Female genital mutilation Type I status
29,"Laceration with foreign body of left ring finger with damage to nail, initial encounter"
2,"Poisoning by other synthetic narcotics, accidental (unintentional), subsequent encounter"
9,"Contact with other hot fluids, subsequent encounter"
10,"Displaced comminuted fracture of shaft of ulna, left arm, sequela"
20,Compression of vein
16,"Traumatic rupture of unspecified ligament of other finger at metacarpophalangeal and interphalangeal joint, sequela"
18,"Unspecified injury of other muscles, fascia and tendons at forearm level, unspecified arm, subsequent encounter"
7,"Other displaced fracture of first cervical vertebra, subsequent encounter for fracture with routine healing"
43,"Other specified complication of other internal prosthetic devices, implants and grafts, sequela"
1,"Stress fracture, left finger(s), subsequent encounter for fracture with malunion"
42,Laceration without foreign body of right upper arm
8,"Brown-Sequard syndrome at T1 level of thoracic spinal cord, subsequent encounter"
16,Benign neoplasm of other specified female genital organs
25,"Insect bite (nonvenomous) of left ring finger, initial encounter"
33,"Drowning and submersion due to falling or jumping from other crushed unpowered watercraft, initial encounter"
36,Hypotension
15,"Displaced fracture of greater trochanter of left femur, subsequent encounter for open fracture type IIIA, IIIB, or IIIC with delayed healing"
15,"Displaced segmental fracture of shaft of left tibia, subsequent encounter for open fracture type I or II with nonunion"
23,"Hereditary nephropathy, not elsewhere classified with diffuse crescentic glomerulonephritis"
41,"Burn of third degree of multiple right fingers (nail), including thumb, sequela"
17,Acute kidney failure with acute cortical necrosis
3,"Strain of muscle and tendon of long extensor muscle of toe at ankle and foot level, unspecified foot, subsequent encounter"
37,"Corrosion of second degree of right elbow, sequela"
1,"Complete traumatic metacarpophalangeal amputation of right middle finger, initial encounter"
35,"Dislocation of C6/C7 cervical vertebrae, subsequent encounter"
23,"Other specified crystal arthropathies, left knee"
30,"Displaced fracture of proximal phalanx of right little finger, initial encounter for closed fracture"
3,"Unspecified injury of extensor muscle, fascia and tendon of unspecified thumb at wrist and hand level, sequela"
47,Unspecified sprain of unspecified toe(s)
12,"Other non-follicular lymphoma, lymph nodes of inguinal region and lower limb"
43,"Laceration without foreign body of right breast, initial encounter"
22,"Nondisplaced fracture of medial phalanx of right index finger, sequela"
46,"Neuromuscular scoliosis, thoracic region"
2,Congenital urethrorectal fistula
42,"Benign lipomatous neoplasm of skin and subcutaneous tissue of head, face and neck"
15,"Laceration with foreign body of unspecified buttock, sequela"
3,"Spinal stenosis, lumbar region"
6,Unspecified sprain of right index finger
13,"Other superficial injuries of left thumb, initial encounter"
43,"Activity, golf"
47,"Lumbosacral root disorders, not elsewhere classified"
44,"Retinopathy of prematurity, unspecified, unspecified eye"
50,"Atherosclerosis of unspecified type of bypass graft(s) of the extremities with gangrene, other extremity"
49,"Toxic effect of chlorofluorocarbons, accidental (unintentional), initial encounter"
19,"Sprain of left sternoclavicular joint, subsequent encounter"
16,Congenital rectovaginal fistula
4,"Displaced articular fracture of head of left femur, subsequent encounter for open fracture type IIIA, IIIB, or IIIC with nonunion"
20,"Puncture wound with foreign body of unspecified toe(s) with damage to nail, sequela"
5,Senile ectropion of left upper eyelid
45,"Poisoning by unspecified primarily systemic and hematological agent, undetermined, sequela"
18,Furuncle left hand
28,"Postdysenteric arthropathy, right shoulder"
6,Malignant neoplasm of labium majus
46,"Posterior dislocation of lens, bilateral"
41,"Nondisplaced fracture of left radial styloid process, initial encounter for closed fracture"
5,Glare sensitivity
30,"Other injury of other specified muscles, fascia and tendons at thigh level, unspecified thigh, subsequent encounter"
31,"Low-tension glaucoma, unspecified eye, indeterminate stage"
43,"Other infective bursitis, knee"
43,"Fracture of vault of skull, subsequent encounter for fracture with delayed healing"
22,Other specified injury of radial artery at forearm level
3,Puncture wound without foreign body of eyelid and periocular area
18,War operations involving explosion of other marine weapons
23,"Unspecified fracture of upper end of unspecified tibia, subsequent encounter for open fracture type I or II with delayed healing"
8,Primary respiratory tuberculosis
12,"Puncture wound without foreign body, left knee"
49,"Type III occipital condyle fracture, left side, subsequent encounter for fracture with nonunion"
9,"Poisoning by other topical agents, intentional self-harm, subsequent encounter"
44,"Displacement of coronary artery bypass graft, sequela"
46,"Displaced avulsion fracture of left ischium, sequela"
2,Salter-Harris Type I physeal fracture of lower end of right femur
46,"Barton's fracture of unspecified radius, subsequent encounter for open fracture type I or II with delayed healing"
42,"Displaced fracture of acromial process, left shoulder, subsequent encounter for fracture with malunion"
16,Benign neoplasm of floor of mouth
12,"Displaced fracture of third metatarsal bone, right foot, initial encounter for closed fracture"
2,"Pathological fracture in neoplastic disease, left foot, subsequent encounter for fracture with delayed healing"
21,"Vitreous membranes and strands, left eye"
32,"Displaced fracture of base of fourth metacarpal bone, left hand, sequela"
30,"Nondisplaced fracture of left radial styloid process, subsequent encounter for open fracture type IIIA, IIIB, or IIIC with delayed healing"
11,"Nondisplaced fracture (avulsion) of lateral epicondyle of right humerus, subsequent encounter for fracture with nonunion"
47,"Osteonecrosis due to previous trauma, left finger(s)"
43,"Unspecified fracture of shaft of left radius, subsequent encounter for open fracture type I or II with delayed healing"
8,"Other physeal fracture of lower end of humerus, right arm"
18,"Insect bite (nonvenomous) of unspecified wrist, sequela"
19,"Toxic effect of arsenic and its compounds, undetermined, initial encounter"
50,Complete traumatic amputation of midfoot
5,"Nondisplaced trimalleolar fracture of left lower leg, subsequent encounter for open fracture type I or II with malunion"
15,"Poisoning by anticoagulants, intentional self-harm, initial encounter"
15,"Osteonecrosis due to previous trauma, right femur"
14,Unspecified occupant of pick-up truck or van injured in collision with pedestrian or animal in traffic accident
45,Retinopathy of prematurity
37,"Nondisplaced oblique fracture of shaft of unspecified femur, subsequent encounter for open fracture type IIIA, IIIB, or IIIC with routine healing"
45,"Other acute myringitis, bilateral"
9,"Poisoning by drugs affecting uric acid metabolism, accidental (unintentional), sequela"
33,Bitten by other marine mammals
37,Occupant of animal-drawn vehicle injured in collision with pedal cycle
31,"Dislocation of tarsometatarsal joint of right foot, sequela"
37,Injury of diaphragm
36,Personal history of other specified conditions
20,"Infection following other infusion, transfusion and therapeutic injection, initial encounter"
23,"Unspecified injury of extensor muscle, fascia and tendon of right thumb at wrist and hand level, initial encounter"
13,Encounter for pregnancy test and childbirth and childcare instruction
40,Other transient neonatal disorders of coagulation
9,"Displaced spiral fracture of shaft of humerus, right arm, sequela"
22,"Driver of pick-up truck or van injured in collision with pedestrian or animal in nontraffic accident, sequela"
50,"Calcific tendinitis, unspecified thigh"
49,"Motorcycle passenger injured in collision with heavy transport vehicle or bus in nontraffic accident, initial encounter"
44,"Other displaced fracture of second cervical vertebra, initial encounter for closed fracture"
9,Obturator subluxation of unspecified hip
23,"Other physeal fracture of unspecified calcaneus, subsequent encounter for fracture with routine healing"
43,"Obstructed labor due to face presentation, fetus 3"
3,"Flail joint, right ankle and foot"
20,Partially resolved traumatic cataract
40,Underdosing of unspecified fibrinolysis-affecting drugs
27,Subluxation of interphalangeal joint of left great toe
38,"Toxic effect of rodenticides, undetermined"
29,"Displaced transverse fracture of shaft of left ulna, subsequent encounter for open fracture type I or II with routine healing"
14,"Unspecified injury of femoral artery, right leg, sequela"
48,Corrosions involving 70-79% of body surface with 10-19% third degree corrosion
30,Phthiriasis
33,"Poisoning by dental drugs, topically applied, accidental (unintentional), initial encounter"
30,"Toxic effect of contact with sea anemone, undetermined"
36,"Nondisplaced transverse fracture of left acetabulum, initial encounter for open fracture"
23,"Malar fracture, left side, subsequent encounter for fracture with delayed healing"
8,"Complete loss of teeth, unspecified cause, class I"
6,Classical hydatidiform mole
27,"Puncture wound with foreign body of right back wall of thorax without penetration into thoracic cavity, subsequent encounter"
36,"Maternal care for face, brow and chin presentation, fetus 3"
5,"Stress fracture, unspecified finger(s)"
12,Type 1 diabetes mellitus with unspecified diabetic retinopathy
19,Occupant of animal-drawn vehicle injured in unspecified transport accident
41,Drug or chemical induced diabetes mellitus with diabetic cataract
20,Partial traumatic amputation of one left lesser toe
22,"Moderate persistent asthma, uncomplicated"
34,"Other injury of extensor muscle, fascia and tendon of left index finger at wrist and hand level"
34,"Complete traumatic amputation at level between unspecified hip and knee, initial encounter"
32,"Displaced fracture of trapezium [larger multangular], right wrist"
44,"Nondisplaced Rolando's fracture, unspecified hand, sequela"
18,Laceration without foreign body of left middle finger without damage to nail
35,Other place in children's home and orphanage as the place of occurrence of the external cause
16,Diabetes mellitus due to underlying condition with diabetic amyotrophy
48,"Nondisplaced unspecified condyle fracture of lower end of right femur, subsequent encounter for closed fracture with nonunion"
13,Injury of other muscles and tendons at lower leg level
7,Unspecified retinal vascular occlusion
2,Melanocytic nevi of other parts of face
21,"Nondisplaced fracture of right tibial spine, sequela"
7,Drowning and submersion due to other accident to other unpowered watercraft
44,Chronic giant papillary conjunctivitis
14,"Displaced segmental fracture of shaft of right fibula, subsequent encounter for open fracture type I or II with delayed healing"
44,"Laceration with foreign body of unspecified part of thorax, subsequent encounter"
23,"Maternal care for (suspected) chromosomal abnormality in fetus, fetus 5"
30,"Nondisplaced fracture of sternal end of left clavicle, initial encounter for open fracture"
18,"Displaced fracture (avulsion) of lateral epicondyle of left humerus, subsequent encounter for fracture with routine healing"
24,"Nondisplaced midcervical fracture of unspecified femur, subsequent encounter for open fracture type I or II with malunion"
8,"Strain of muscle, fascia and tendon of pelvis"
19,Superficial injury of unspecified part of head
40,"Sezary disease, lymph nodes of inguinal region and lower limb"
22,"Puncture wound without foreign body of unspecified thumb without damage to nail, subsequent encounter"
44,"Nondisplaced fracture of olecranon process without intraarticular extension of left ulna, initial encounter for open fracture type I or II"
22,"Displaced fracture of body of hamate [unciform] bone, right wrist, initial encounter for open fracture"
25,"Other nondisplaced fracture of base of first metacarpal bone, unspecified hand, subsequent encounter for fracture with routine healing"
29,"Nondisplaced fracture of left tibial tuberosity, subsequent encounter for closed fracture with malunion"
35,"Unspecified injury of unspecified muscles, fascia and tendons at thigh level"
35,"Other fracture of fourth lumbar vertebra, subsequent encounter for fracture with delayed healing"
28,"Insect bite (nonvenomous) of right thumb, initial encounter"
31,"Displaced fracture of unspecified tibial spine, subsequent encounter for closed fracture with malunion"
48,Nondisplaced comminuted fracture of left patella
50,"Poisoning by antineoplastic and immunosuppressive drugs, accidental (unintentional), sequela"
20,"Corrosion of third degree of shoulder and upper limb, except wrist and hand, unspecified site, initial encounter"
47,"Pressure ulcer of contiguous site of back, buttock and hip, stage 3"
20,Basal cell carcinoma of skin of scalp and neck
49,"Fatigue fracture of vertebra, thoracolumbar region"
15,"Stress fracture, right radius, subsequent encounter for fracture with nonunion"
23,"Other specified injuries of left shoulder and upper arm, initial encounter"
47,Other physeal fracture of lower end of femur
27,"Drowning and submersion due to fall off merchant ship, subsequent encounter"
43,"Postinfective urethral stricture, not elsewhere classified, female"
44,"Nondisplaced fracture of lateral condyle of unspecified tibia, sequela"
27,Pain in unspecified finger(s)
40,"Other mechanical complication of other nervous system device, implant or graft"
34,Idiopathic progressive neuropathy
46,"Other specified fracture of unspecified acetabulum, initial encounter for open fracture"
19,"Unspecified chronic otitis externa, bilateral"
5,"Juvenile osteochondrosis of spine, thoracolumbar region"
39,"Insect bite (nonvenomous) of unspecified elbow, initial encounter"
1,"Atherosclerosis of autologous vein bypass graft(s) of the extremities with intermittent claudication, other extremity"
12,"Displaced segmental fracture of shaft of unspecified femur, subsequent encounter for open fracture type I or II with malunion"
5,Phlebitis of portal vein
11,Unspecified anomaly of jaw size
23,"Anogenital pruritus, unspecified"
33,Displacement of other implanted electronic stimulator of nervous system
19,"Lead-induced chronic gout, right hand, with tophus (tophi)"
37,"Webbed toes, right foot"
19,Malignant carcinoid tumor of the thymus
36,"Accidental malfunction of machine gun, sequela"
29,"Poisoning by, adverse effect of and underdosing of androgens and anabolic congeners"
23,"Traumatic rupture of palmar ligament of left index finger at metacarpophalangeal and interphalangeal joint, sequela"
21,"Accidental discharge of gas, air or spring-operated guns"
2,"Allergy status to unspecified drugs, medicaments and biological substances status"
31,"Underdosing of alpha-adrenoreceptor antagonists, initial encounter"
36,Donor of unspecified organ or tissue
36,Unspecified disorder of choroid
41,"Unspecified pedal cyclist injured in collision with heavy transport vehicle or bus in traffic accident, initial encounter"
32,Congenital malformations of anterior segment of eye
37,"Driver of three-wheeled motor vehicle injured in collision with fixed or stationary object in nontraffic accident, initial encounter"
36,"Poisoning by cephalosporins and other beta-lactam antibiotics, undetermined"
45,"Streptococcal infection, unspecified site"
22,Non-pressure chronic ulcer of other part of lower leg
47,"Unspecified fracture of head of unspecified femur, initial encounter for closed fracture"
45,Toxic effect of manganese and its compounds
39,"Salter-Harris Type IV physeal fracture of lower end of humerus, right arm, subsequent encounter for fracture with nonunion"
44,"Salter-Harris Type IV physeal fracture of lower end of humerus, left arm, subsequent encounter for fracture with nonunion"
5,"Burn of unspecified degree of unspecified hand, unspecified site"
28,Duplications with other complex rearrangements
10,"Unspecified fracture of sacrum, initial encounter for open fracture"
34,"Other acute osteomyelitis, unspecified ankle and foot"
45,Systemic sclerosis with polyneuropathy
40,"Unspecified injury of other blood vessels at ankle and foot level, unspecified leg, subsequent encounter"
23,"Strain of unspecified muscle, fascia and tendon at shoulder and upper arm level, left arm"
9,"Poisoning by anthelminthics, assault, sequela"
1,"Poisoning by phenothiazine antipsychotics and neuroleptics, accidental (unintentional), sequela"
2,"Toxic effect of thallium, intentional self-harm, initial encounter"
30,Unspecified injury of other blood vessels at wrist and hand level of right arm
28,Overweight and obesity
40,"Nondisplaced fracture of olecranon process without intraarticular extension of unspecified ulna, initial encounter for closed fracture"
30,"Abrasion of unspecified parts of thorax, initial encounter"
45,"Minor laceration of right carotid artery, initial encounter"
14,"Lead-induced chronic gout, unspecified shoulder, with tophus (tophi)"
7,"Unspecified open wound of left middle finger without damage to nail, sequela"
48,"Laceration of muscle, fascia and tendon of left hip, initial encounter"
23,"Unspecified injury of flexor muscle, fascia and tendon of left ring finger at forearm level, subsequent encounter"
29,"Other secondary kyphosis, thoracic region"
49,Merkel cell carcinoma of nose
23,"Nondisplaced fracture of lower epiphysis (separation) of left femur, initial encounter for closed fracture"
19,"Displaced subtrochanteric fracture of unspecified femur, sequela"
47,"Fall on board canoe or kayak, subsequent encounter"
36,"Infection and inflammatory reaction due to implanted electronic neurostimulator of peripheral nerve, electrode (lead), subsequent encounter"
36,"Adverse effect of other parasympathomimetics [cholinergics], sequela"
18,"Toxic effect of arsenic and its compounds, undetermined"
6,"Unspecified fracture of lower end of left ulna, subsequent encounter for closed fracture with nonunion"
48,Other color vision deficiencies
17,"Primary blast injury of bronchus, bilateral, sequela"
2,"Unstable burst fracture of fourth lumbar vertebra, sequela"
